"","internet","dance","pop","maths","romantic","action","adrenaline","politics","Gender","Education","shopping","reading"
"1","yes","no","yes","no","yes","no","yes","no","female","college/bachelor degree","yes","no"
"2","yes","no","no","yes","no","yes","no","yes","female","college/bachelor degree","no","yes"
"3","yes","no","no","yes","no","no","yes","no","female","secondary school","yes","yes"
"4","no","no","no","yes","no","no","no","yes","female","college/bachelor degree","yes","yes"
"5","no","yes","yes","no","no","yes","no","no","female","secondary school","no","yes"
"6","yes","no","no","no","no","yes","no","yes","male","secondary school","no","no"
"7","no","yes","yes","no","no","no","no","no","female","secondary school","no","no"
"8","yes","no","yes","no","no","no","no","no","male","college/bachelor degree","no","no"
"9","no","no","no","no","yes","no","no","no","female","secondary school","no","yes"
"10","yes","no","no","no","yes","no","no","no","female","secondary school","yes","yes"
"11","yes","no","yes","no","no","no","no","no","female","secondary school","yes","no"
"12","yes","no","no","no","no","yes","no","yes","female","primary school","no","no"
"13","no","no","no","no","no","no","no","yes","female","college/bachelor degree","no","yes"
"14","no","yes","yes","no","yes","no","yes","no","female","secondary school","yes","yes"
"15","yes","no","yes","no","yes","yes","no","no","female","college/bachelor degree","yes","yes"
"16","yes","no","no","no","no","yes","yes","no","male","secondary school","no","no"
"17","yes","no","yes","no","no","no","yes","no","female","college/bachelor degree","yes","no"
"18","no","no","yes","no","yes","no","no","no","female","secondary school","no","yes"
"19","yes","yes","yes","yes","yes","yes","no","no","male","secondary school","no","no"
"20","yes","no","no","no","no","yes","no","no","male","secondary school","no","no"
"21","yes","no","no","no","no","yes","no","yes","male","secondary school","no","no"
"22","yes","no","no","no","no","yes","yes","yes","male","secondary school","no","no"
"24","yes","yes","yes","no","yes","no","no","no","female","secondary school","yes","yes"
"25","yes","no","no","no","yes","yes","no","yes","female","secondary school","yes","yes"
"26","yes","yes","yes","no","yes","no","no","no","female","secondary school","yes","yes"
"27","yes","yes","yes","no","yes","no","yes","no","female","college/bachelor degree","yes","yes"
"28","yes","no","no","no","yes","yes","no","no","female","secondary school","yes","no"
"29","yes","yes","no","no","no","yes","yes","no","male","secondary school","yes","no"
"30","yes","no","no","no","yes","no","no","no","female","secondary school","yes","yes"
"31","yes","yes","yes","no","no","yes","yes","no","male","secondary school","yes","yes"
"32","no","yes","yes","no","yes","no","no","no","female","secondary school","no","yes"
"33","yes","no","no","no","yes","yes","no","no","female","secondary school","yes","no"
"34","yes","no","yes","no","no","no","yes","yes","female","masters degree","no","yes"
"35","yes","no","yes","no","yes","yes","yes","yes","male","college/bachelor degree","no","no"
"36","yes","no","yes","no","yes","yes","no","no","female","secondary school","yes","yes"
"37","yes","no","yes","no","yes","yes","no","no","female","secondary school","yes","yes"
"38","yes","no","no","no","no","yes","yes","yes","male","secondary school","yes","no"
"39","yes","yes","yes","no","yes","yes","no","yes","female","secondary school","yes","yes"
"40","yes","no","yes","no","yes","no","no","no","female","secondary school","yes","no"
"41","yes","yes","yes","no","no","yes","no","no","female","secondary school","yes","no"
"42","yes","yes","no","yes","no","yes","yes","yes","male","college/bachelor degree","no","yes"
"43","yes","no","yes","yes","yes","yes","no","no","female","secondary school","yes","no"
"44","yes","no","yes","no","yes","yes","no","no","female","college/bachelor degree","yes","no"
"45","yes","yes","yes","no","yes","no","yes","yes","female","masters degree","yes","yes"
"46","yes","yes","yes","yes","no","no","no","yes","male","masters degree","no","no"
"48","yes","no","yes","no","no","yes","no","no","female","secondary school","yes","yes"
"49","yes","no","no","no","no","no","no","no","female","secondary school","no","no"
"50","yes","no","no","no","no","yes","no","no","female","primary school","yes","yes"
"51","yes","no","yes","yes","yes","yes","yes","no","female","college/bachelor degree","yes","yes"
"52","yes","no","yes","yes","yes","yes","no","yes","female","secondary school","no","no"
"53","yes","yes","yes","no","yes","yes","yes","no","female","secondary school","yes","yes"
"54","no","yes","yes","no","yes","yes","no","yes","female","secondary school","no","yes"
"55","no","yes","yes","no","yes","yes","no","yes","female","college/bachelor degree","no","yes"
"56","yes","yes","yes","no","no","no","yes","no","female","college/bachelor degree","no","no"
"57","yes","no","yes","yes","yes","no","no","yes","female","secondary school","no","yes"
"58","yes","no","no","no","no","yes","no","no","female","secondary school","yes","yes"
"59","yes","yes","yes","no","no","yes","no","no","male","secondary school","yes","no"
"60","no","no","no","no","no","no","no","yes","male","college/bachelor degree","no","yes"
"61","yes","no","yes","yes","yes","yes","no","yes","male","college/bachelor degree","no","yes"
"62","yes","yes","yes","no","yes","yes","no","no","male","secondary school","no","no"
"63","yes","yes","yes","yes","no","yes","yes","yes","male","secondary school","no","no"
"65","yes","no","yes","no","yes","no","yes","no","female","primary school","yes","no"
"66","yes","no","no","no","no","yes","no","no","male","primary school","no","no"
"67","yes","yes","yes","yes","no","no","no","no","male","secondary school","no","no"
"68","no","yes","yes","yes","yes","no","no","no","female","college/bachelor degree","no","no"
"69","yes","no","no","yes","yes","no","no","no","female","college/bachelor degree","no","no"
"71","no","yes","yes","no","no","no","yes","no","male","secondary school","yes","no"
"72","yes","no","yes","no","no","yes","no","yes","male","secondary school","yes","no"
"73","yes","no","yes","no","yes","yes","yes","no","female","secondary school","no","no"
"74","yes","no","yes","no","yes","yes","no","yes","male","secondary school","yes","no"
"75","yes","no","no","no","no","yes","yes","yes","male","masters degree","no","no"
"76","yes","no","no","no","no","yes","no","yes","male","secondary school","yes","no"
"77","yes","yes","no","no","no","yes","yes","yes","male","secondary school","yes","no"
"78","no","yes","yes","no","no","yes","no","no","female","secondary school","yes","yes"
"79","yes","yes","yes","no","yes","no","yes","no","female","college/bachelor degree","no","yes"
"80","yes","yes","yes","no","yes","yes","yes","yes","female","secondary school","yes","no"
"81","yes","yes","yes","no","yes","no","yes","yes","female","secondary school","yes","no"
"82","yes","yes","yes","no","no","yes","yes","no","male","secondary school","no","no"
"83","yes","no","no","no","no","yes","no","no","female","secondary school","no","yes"
"84","yes","yes","yes","no","yes","yes","yes","no","female","secondary school","no","no"
"86","yes","no","no","yes","yes","no","no","no","male","college/bachelor degree","yes","no"
"87","yes","yes","yes","yes","no","yes","yes","yes","male","masters degree","no","yes"
"89","yes","yes","yes","no","no","yes","no","yes","female","secondary school","yes","yes"
"90","no","no","no","no","no","no","no","no","female","masters degree","no","yes"
"91","yes","no","no","no","yes","yes","no","no","female","secondary school","yes","no"
"93","no","no","no","no","yes","no","no","no","female","college/bachelor degree","no","yes"
"94","yes","no","yes","yes","no","no","yes","no","male","masters degree","no","no"
"95","yes","yes","yes","no","no","yes","no","no","male","secondary school","no","no"
"96","yes","no","no","no","no","yes","yes","yes","male","college/bachelor degree","no","no"
"97","no","no","no","no","no","no","no","no","male","college/bachelor degree","no","no"
"98","yes","no","no","yes","no","yes","no","no","male","primary school","no","no"
"99","no","yes","no","no","no","yes","yes","no","male","secondary school","no","no"
"100","yes","yes","yes","yes","yes","no","no","no","female","secondary school","yes","no"
"101","yes","yes","yes","no","yes","no","no","no","female","secondary school","yes","no"
"102","yes","no","no","no","no","yes","no","yes","male","secondary school","no","yes"
"103","yes","no","no","yes","yes","yes","no","yes","female","secondary school","no","yes"
"104","yes","yes","yes","no","yes","yes","no","yes","male","secondary school","yes","yes"
"105","no","no","no","no","no","yes","no","yes","male","secondary school","no","no"
"106","no","no","no","no","no","no","no","no","male","college/bachelor degree","no","no"
"107","yes","yes","yes","no","yes","yes","no","no","male","secondary school","no","no"
"108","yes","no","no","no","no","no","yes","yes","female","secondary school","no","yes"
"109","yes","no","no","no","yes","yes","no","no","female","primary school","yes","no"
"110","yes","no","no","no","no","yes","no","yes","male","secondary school","no","no"
"111","yes","yes","yes","no","no","yes","yes","no","male","college/bachelor degree","no","no"
"112","yes","yes","no","no","yes","yes","no","no","female","college/bachelor degree","no","yes"
"113","no","yes","no","no","yes","no","no","no","female","secondary school","no","yes"
"114","no","yes","yes","no","yes","no","yes","no","female","college/bachelor degree","yes","no"
"115","yes","no","yes","no","no","yes","yes","no","female","secondary school","yes","yes"
"116","yes","yes","yes","no","no","yes","no","no","female","secondary school","yes","no"
"117","no","no","no","no","yes","no","no","no","female","college/bachelor degree","no","yes"
"118","yes","no","yes","yes","yes","yes","no","no","female","secondary school","no","no"
"119","yes","no","no","yes","no","no","no","yes","male","college/bachelor degree","no","yes"
"120","yes","yes","yes","yes","no","no","no","no","female","secondary school","no","no"
"121","no","yes","no","yes","yes","yes","yes","yes","male","college/bachelor degree","no","yes"
"122","yes","no","yes","yes","no","yes","yes","no","male","secondary school","no","no"
"123","yes","no","no","no","no","yes","no","no","female","masters degree","no","yes"
"124","no","no","no","no","no","yes","no","no","female","secondary school","no","no"
"125","yes","no","no","no","yes","yes","yes","yes","male","secondary school","no","yes"
"126","no","no","no","no","yes","no","no","yes","female","secondary school","yes","yes"
"127","yes","yes","yes","no","yes","yes","no","no","female","secondary school","yes","yes"
"128","yes","no","yes","no","no","yes","yes","yes","female","primary school","no","yes"
"129","yes","yes","yes","no","yes","no","yes","no","female","primary school","no","yes"
"130","yes","yes","yes","no","yes","no","no","no","female","secondary school","yes","no"
"131","yes","no","no","no","no","no","no","yes","female","secondary school","yes","yes"
"132","yes","no","yes","no","no","yes","yes","yes","male","primary school","yes","no"
"133","yes","no","yes","yes","yes","no","no","no","female","primary school","no","yes"
"134","no","no","no","no","no","yes","no","no","female","college/bachelor degree","no","yes"
"135","no","yes","no","no","yes","yes","yes","no","female","secondary school","no","no"
"136","yes","no","no","no","no","yes","no","no","male","secondary school","no","yes"
"137","yes","yes","yes","no","yes","yes","no","yes","male","secondary school","no","no"
"138","yes","yes","yes","no","no","no","no","no","","primary school","no","yes"
"139","no","no","no","no","yes","no","no","no","female","secondary school","no","yes"
"140","yes","yes","yes","no","yes","no","no","no","female","college/bachelor degree","yes","no"
"141","no","no","yes","no","yes","yes","yes","no","female","college/bachelor degree","no","yes"
"142","yes","no","no","yes","yes","no","no","no","female","primary school","no","yes"
"143","yes","yes","yes","no","yes","no","no","no","male","primary school","yes","yes"
"147","yes","yes","yes","no","yes","yes","no","yes","male","secondary school","yes","yes"
"148","yes","no","no","yes","no","yes","no","no","male","secondary school","no","yes"
"149","yes","yes","yes","yes","yes","yes","no","no","male","secondary school","no","no"
"150","no","no","no","yes","no","no","no","no","male","college/bachelor degree","no","no"
"151","yes","no","no","no","no","yes","no","yes","female","secondary school","no","yes"
"152","no","no","no","no","no","yes","no","yes","male","secondary school","no","no"
"153","yes","yes","yes","no","no","yes","yes","yes","male","college/bachelor degree","no","no"
"154","yes","yes","yes","no","yes","yes","no","yes","female","college/bachelor degree","yes","yes"
"155","yes","no","no","no","no","yes","no","yes","male","college/bachelor degree","no","no"
"156","no","yes","no","no","no","no","yes","no","female","secondary school","no","yes"
"157","yes","no","no","no","yes","yes","no","yes","male","doctorate degree","yes","yes"
"158","yes","yes","yes","no","no","yes","yes","no","male","masters degree","no","yes"
"159","yes","yes","yes","no","yes","yes","no","no","female","currently a primary school pupil","yes","yes"
"160","yes","yes","yes","no","no","yes","yes","yes","male","secondary school","no","yes"
"161","yes","no","no","yes","no","no","yes","yes","male","secondary school","no","no"
"162","yes","no","yes","no","no","yes","no","no","female","secondary school","yes","yes"
"163","yes","no","yes","no","yes","no","no","no","male","college/bachelor degree","no","no"
"164","yes","no","yes","no","no","no","no","no","male","secondary school","no","no"
"165","yes","yes","yes","no","no","no","no","no","male","secondary school","yes","yes"
"166","yes","yes","yes","no","yes","no","yes","yes","female","college/bachelor degree","yes","yes"
"167","no","no","no","no","no","yes","no","no","female","secondary school","no","yes"
"168","yes","no","no","no","no","no","no","no","male","primary school","no","no"
"169","yes","yes","yes","no","no","yes","yes","yes","female","secondary school","yes","yes"
"170","no","no","no","no","no","no","no","no","female","secondary school","no","yes"
"171","no","no","no","yes","no","no","no","yes","male","secondary school","no","no"
"172","yes","no","yes","no","no","yes","yes","yes","male","secondary school","yes","yes"
"173","yes","no","no","no","no","no","no","yes","male","secondary school","no","no"
"174","yes","no","no","yes","yes","yes","no","no","male","secondary school","yes","no"
"175","yes","no","no","no","yes","yes","no","no","male","secondary school","yes","yes"
"176","yes","no","no","no","yes","no","no","no","female","primary school","no","yes"
"177","yes","no","no","yes","no","yes","no","no","male","college/bachelor degree","no","no"
"179","no","no","no","no","no","no","no","no","female","masters degree","no","yes"
"180","yes","no","no","no","no","yes","yes","no","male","secondary school","yes","no"
"181","yes","no","no","yes","no","no","yes","yes","male","secondary school","yes","yes"
"182","no","yes","no","no","no","no","no","no","male","secondary school","no","no"
"183","yes","yes","yes","no","yes","yes","no","no","female","secondary school","yes","yes"
"184","yes","no","yes","no","no","yes","yes","yes","male","college/bachelor degree","no","yes"
"185","no","no","no","no","no","no","no","no","female","college/bachelor degree","no","yes"
"186","no","no","no","yes","yes","no","yes","no","female","secondary school","no","yes"
"187","no","no","yes","no","yes","no","no","no","female","masters degree","yes","yes"
"188","yes","no","yes","no","no","no","no","no","female","college/bachelor degree","no","no"
"190","yes","no","no","no","yes","yes","no","no","female","primary school","no","yes"
"191","yes","no","no","yes","yes","no","yes","no","female","primary school","no","yes"
"192","yes","no","yes","no","yes","no","no","no","female","masters degree","no","no"
"193","yes","yes","yes","no","yes","no","no","no","female","secondary school","yes","no"
"194","no","no","no","no","yes","yes","no","no","male","masters degree","no","yes"
"195","yes","no","no","no","no","no","yes","no","male","secondary school","no","yes"
"196","yes","no","no","no","yes","yes","no","no","male","secondary school","yes","no"
"197","yes","no","yes","no","yes","no","yes","no","female","secondary school","no","yes"
"198","yes","no","no","no","yes","no","no","no","female","college/bachelor degree","yes","no"
"199","no","no","no","no","no","no","no","no","male","secondary school","no","no"
"200","no","yes","no","no","no","yes","yes","no","male","secondary school","no","yes"
"201","yes","no","yes","no","yes","no","no","no","male","secondary school","no","no"
"202","yes","no","yes","no","yes","yes","no","no","","secondary school","yes","yes"
"203","yes","yes","no","no","no","yes","no","no","male","primary school","yes","no"
"204","yes","yes","yes","no","yes","yes","yes","no","female","college/bachelor degree","yes","no"
"205","yes","no","no","yes","no","no","no","no","female","college/bachelor degree","no","yes"
"206","no","no","yes","no","yes","no","no","no","female","secondary school","no","yes"
"207","yes","yes","no","yes","no","yes","no","yes","male","college/bachelor degree","no","yes"
"208","yes","no","no","no","yes","yes","no","yes","female","college/bachelor degree","no","yes"
"209","no","no","yes","no","no","no","yes","no","female","secondary school","yes","no"
"210","yes","yes","no","yes","no","yes","yes","yes","male","secondary school","no","yes"
"211","yes","yes","yes","yes","yes","yes","yes","yes","male","secondary school","yes","yes"
"212","yes","yes","yes","no","yes","yes","no","no","female","secondary school","yes","no"
"213","yes","no","no","yes","no","yes","no","yes","male","secondary school","yes","yes"
"214","yes","yes","yes","no","yes","yes","yes","no","female","secondary school","yes","yes"
"215","yes","no","no","no","no","yes","no","no","female","primary school","yes","yes"
"216","no","no","no","no","no","yes","yes","no","male","secondary school","no","no"
"217","yes","no","no","no","no","no","no","no","female","secondary school","yes","no"
"218","yes","yes","yes","no","yes","yes","yes","no","female","primary school","no","yes"
"219","yes","no","yes","no","no","yes","yes","yes","male","primary school","no","no"
"221","no","yes","no","no","no","yes","no","no","male","secondary school","no","no"
"222","yes","yes","no","yes","no","no","yes","no","male","masters degree","no","no"
"223","no","no","yes","no","yes","no","no","no","female","secondary school","yes","no"
"224","yes","no","yes","no","no","yes","yes","no","female","secondary school","no","yes"
"225","yes","no","yes","no","no","yes","no","no","male","secondary school","no","no"
"226","yes","no","no","yes","no","yes","yes","yes","male","secondary school","no","yes"
"227","yes","yes","yes","no","no","yes","no","no","","secondary school","yes","no"
"228","yes","no","no","no","no","yes","no","no","female","secondary school","no","yes"
"229","no","no","no","no","no","no","no","no","female","secondary school","no","yes"
"230","yes","yes","yes","yes","no","yes","yes","no","male","secondary school","no","no"
"231","yes","no","yes","no","yes","yes","no","yes","female","secondary school","yes","yes"
"232","yes","no","yes","no","yes","no","no","no","female","secondary school","yes","no"
"233","yes","no","no","yes","yes","yes","no","yes","female","secondary school","yes","no"
"234","yes","yes","yes","no","yes","no","no","no","female","primary school","no","yes"
"235","yes","yes","yes","yes","yes","no","no","no","female","college/bachelor degree","yes","no"
"236","yes","no","no","no","no","no","no","yes","female","secondary school","yes","yes"
"237","yes","no","yes","no","no","yes","no","yes","female","secondary school","yes","yes"
"238","yes","yes","yes","yes","yes","no","yes","no","female","secondary school","yes","yes"
"239","yes","no","yes","no","yes","no","no","no","female","primary school","yes","no"
"240","no","yes","no","no","no","yes","no","yes","female","secondary school","yes","yes"
"241","yes","no","no","no","no","yes","yes","yes","male","college/bachelor degree","no","no"
"242","yes","no","no","yes","yes","yes","no","yes","female","secondary school","yes","no"
"243","yes","no","yes","no","yes","no","no","no","female","secondary school","yes","yes"
"245","yes","yes","yes","no","yes","yes","no","no","female","secondary school","yes","yes"
"246","no","no","no","no","no","yes","yes","no","female","primary school","no","yes"
"247","yes","no","yes","yes","yes","yes","no","no","male","masters degree","yes","no"
"248","no","no","no","no","yes","no","yes","no","female","college/bachelor degree","yes","yes"
"249","yes","yes","yes","no","yes","yes","yes","no","female","secondary school","yes","yes"
"250","yes","no","yes","no","no","yes","yes","no","female","secondary school","yes","no"
"251","yes","no","yes","no","yes","no","yes","no","female","secondary school","yes","yes"
"252","yes","yes","yes","no","yes","no","no","no","female","secondary school","yes","yes"
"253","yes","no","yes","no","yes","yes","no","no","female","secondary school","yes","yes"
"254","yes","no","no","no","yes","no","no","no","female","primary school","yes","no"
"255","yes","yes","yes","no","yes","yes","no","no","female","secondary school","yes","no"
"256","yes","no","no","no","yes","no","yes","no","female","secondary school","no","yes"
"257","yes","no","yes","no","yes","no","no","no","female","secondary school","yes","no"
"258","yes","yes","yes","yes","no","yes","yes","yes","male","secondary school","no","no"
"259","yes","no","no","yes","no","no","no","no","female","secondary school","no","yes"
"260","no","no","no","no","no","no","no","yes","male","secondary school","no","yes"
"261","no","no","no","no","no","no","no","no","male","secondary school","no","no"
"262","yes","yes","yes","yes","yes","yes","no","yes","female","secondary school","yes","yes"
"263","no","no","no","no","no","no","no","yes","female","secondary school","no","yes"
"264","no","yes","yes","no","yes","no","no","no","female","secondary school","yes","no"
"266","yes","no","yes","no","yes","no","no","no","female","secondary school","yes","no"
"267","yes","no","yes","yes","yes","no","yes","no","female","secondary school","yes","yes"
"268","no","yes","no","no","yes","yes","yes","yes","female","masters degree","no","yes"
"269","yes","no","yes","yes","yes","no","no","no","female","college/bachelor degree","yes","no"
"270","no","no","no","no","no","no","no","no","female","secondary school","no","yes"
"271","yes","no","yes","no","yes","yes","no","no","female","college/bachelor degree","yes","yes"
"272","yes","yes","yes","no","no","yes","yes","no","male","secondary school","yes","yes"
"273","no","no","no","no","no","no","no","no","female","secondary school","no","yes"
"274","yes","yes","yes","no","yes","no","yes","no","female","college/bachelor degree","yes","yes"
"275","no","yes","yes","no","yes","no","no","yes","female","secondary school","no","yes"
"276","yes","no","no","no","yes","yes","no","yes","female","college/bachelor degree","yes","yes"
"277","yes","yes","yes","no","yes","yes","yes","no","female","college/bachelor degree","yes","yes"
"278","yes","no","yes","no","yes","yes","no","yes","male","secondary school","no","no"
"279","yes","no","no","no","no","yes","yes","no","male","secondary school","no","yes"
"280","yes","yes","yes","no","yes","no","no","no","female","college/bachelor degree","yes","no"
"281","yes","yes","no","no","yes","yes","no","no","female","secondary school","yes","no"
"282","yes","yes","no","no","no","yes","no","no","male","secondary school","no","no"
"283","yes","no","no","no","no","no","no","no","female","secondary school","yes","no"
"284","yes","yes","yes","yes","yes","yes","yes","no","male","secondary school","no","no"
"285","yes","no","no","yes","no","yes","yes","no","male","secondary school","no","no"
"286","yes","no","yes","no","yes","no","no","no","female","secondary school","yes","yes"
"287","yes","no","yes","no","no","yes","no","no","female","masters degree","yes","no"
"288","yes","no","yes","no","yes","no","no","no","female","secondary school","yes","yes"
"290","yes","yes","yes","no","no","yes","yes","yes","male","college/bachelor degree","no","no"
"291","no","yes","yes","no","yes","no","yes","no","female","secondary school","yes","yes"
"292","yes","no","no","no","yes","yes","yes","no","male","secondary school","no","yes"
"293","yes","yes","yes","no","yes","yes","no","no","female","secondary school","yes","yes"
"294","yes","no","no","yes","yes","no","no","no","female","primary school","no","yes"
"295","no","no","no","no","no","no","no","yes","female","secondary school","no","no"
"296","no","no","yes","no","yes","no","yes","no","female","secondary school","yes","no"
"297","yes","yes","yes","yes","no","yes","yes","no","male","college/bachelor degree","no","no"
"298","yes","no","no","no","no","no","no","no","male","secondary school","no","yes"
"299","no","yes","yes","no","yes","no","no","no","female","secondary school","no","yes"
"300","yes","yes","no","no","no","yes","no","no","female","college/bachelor degree","yes","no"
"301","yes","no","no","no","no","yes","no","no","female","secondary school","no","yes"
"302","no","no","no","no","no","yes","no","no","male","college/bachelor degree","no","yes"
"304","yes","no","yes","yes","yes","yes","no","no","female","masters degree","yes","yes"
"305","no","no","yes","no","yes","yes","no","yes","female","secondary school","yes","yes"
"306","yes","no","no","yes","yes","yes","yes","yes","female","college/bachelor degree","no","yes"
"307","yes","yes","no","yes","yes","no","yes","no","female","primary school","yes","no"
"308","yes","no","no","yes","no","no","no","no","female","secondary school","no","yes"
"309","no","yes","yes","no","yes","no","yes","yes","female","secondary school","yes","no"
"310","no","yes","no","no","no","no","yes","no","female","secondary school","yes","yes"
"311","yes","yes","yes","no","no","yes","yes","no","male","college/bachelor degree","yes","no"
"312","yes","yes","yes","no","yes","yes","yes","no","female","college/bachelor degree","yes","yes"
"313","no","no","no","no","no","no","no","no","male","primary school","no","no"
"315","yes","yes","yes","yes","yes","yes","yes","no","male","secondary school","no","no"
"316","yes","no","yes","no","no","yes","no","no","male","secondary school","yes","no"
"317","yes","yes","no","no","yes","no","yes","no","female","secondary school","yes","no"
"319","yes","no","no","no","yes","no","no","no","female","currently a primary school pupil","yes","yes"
"320","yes","yes","yes","no","yes","yes","no","yes","female","secondary school","no","yes"
"321","yes","no","no","no","no","yes","no","no","male","secondary school","yes","no"
"323","no","no","no","no","yes","no","no","yes","female","primary school","yes","no"
"324","yes","no","yes","no","yes","yes","no","no","male","secondary school","yes","no"
"325","no","yes","yes","no","yes","yes","yes","no","female","primary school","yes","no"
"326","yes","yes","yes","no","no","yes","yes","no","male","secondary school","no","no"
"327","no","no","yes","yes","yes","no","no","yes","female","college/bachelor degree","no","no"
"328","yes","no","yes","no","no","yes","no","no","female","secondary school","yes","yes"
"329","yes","no","no","yes","yes","no","no","yes","male","college/bachelor degree","no","no"
"330","yes","yes","yes","no","yes","no","no","no","female","primary school","yes","no"
"332","yes","no","no","no","no","no","yes","no","male","secondary school","no","yes"
"333","yes","no","no","yes","yes","no","no","no","female","secondary school","no","yes"
"334","yes","no","yes","no","yes","no","no","no","female","secondary school","yes","yes"
"335","yes","no","no","no","no","no","no","no","female","masters degree","yes","yes"
"336","no","yes","yes","no","no","no","yes","no","male","primary school","no","no"
"337","no","no","yes","yes","no","no","no","no","male","secondary school","no","no"
"338","no","yes","no","yes","no","yes","yes","yes","male","secondary school","no","no"
"340","no","no","no","no","yes","no","no","yes","female","primary school","yes","no"
"341","no","no","no","no","yes","no","no","yes","female","primary school","no","yes"
"342","yes","no","no","no","no","yes","yes","no","male","primary school","yes","no"
"343","no","no","no","yes","no","no","yes","no","female","secondary school","no","no"
"344","no","no","yes","no","no","no","no","no","female","masters degree","no","yes"
"345","yes","no","yes","no","yes","no","no","yes","female","college/bachelor degree","yes","no"
"346","yes","yes","yes","no","no","yes","no","no","female","secondary school","no","yes"
"347","yes","no","no","no","no","yes","no","no","male","primary school","no","no"
"348","yes","no","yes","no","no","yes","yes","no","male","primary school","no","no"
"349","yes","no","yes","no","no","yes","yes","no","male","secondary school","yes","yes"
"351","yes","yes","yes","no","no","yes","no","no","male","college/bachelor degree","no","no"
"352","yes","no","yes","yes","yes","no","yes","no","female","primary school","yes","yes"
"353","yes","no","no","no","no","yes","yes","no","male","secondary school","no","no"
"354","no","no","yes","no","yes","no","no","yes","female","secondary school","yes","yes"
"355","yes","no","yes","yes","yes","no","no","yes","female","secondary school","yes","yes"
"357","yes","no","yes","yes","no","yes","no","yes","male","secondary school","no","no"
"358","no","no","no","no","yes","no","no","no","male","secondary school","no","no"
"359","yes","yes","no","no","no","no","no","no","male","college/bachelor degree","no","no"
"360","no","yes","yes","no","yes","yes","no","no","female","secondary school","yes","yes"
"362","yes","no","no","no","yes","no","no","no","female","college/bachelor degree","no","yes"
"364","no","no","no","no","no","yes","yes","no","female","college/bachelor degree","no","yes"
"365","yes","yes","yes","no","no","yes","yes","no","male","college/bachelor degree","yes","no"
"366","no","no","no","no","no","yes","yes","yes","male","college/bachelor degree","no","yes"
"367","yes","no","yes","yes","no","yes","no","no","male","college/bachelor degree","no","no"
"368","yes","no","yes","no","yes","yes","yes","no","male","secondary school","no","no"
"371","yes","no","yes","no","no","yes","no","no","female","secondary school","yes","yes"
"372","no","yes","yes","yes","yes","no","no","no","female","secondary school","no","yes"
"373","yes","no","no","no","no","yes","no","no","male","secondary school","no","no"
"375","no","yes","yes","no","yes","no","yes","no","female","secondary school","yes","no"
"376","yes","yes","yes","no","yes","no","no","no","female","secondary school","no","yes"
"378","yes","no","no","yes","no","no","yes","yes","female","secondary school","no","yes"
"379","yes","yes","yes","yes","no","no","yes","no","female","secondary school","no","no"
"380","yes","yes","yes","no","no","yes","no","yes","male","masters degree","no","no"
"381","yes","yes","yes","no","no","yes","yes","no","female","secondary school","yes","no"
"382","yes","no","no","no","no","yes","no","no","female","secondary school","yes","yes"
"383","yes","yes","yes","no","yes","yes","yes","no","female","secondary school","yes","no"
"384","yes","no","no","yes","yes","yes","no","no","male","college/bachelor degree","no","no"
"385","yes","no","no","yes","no","no","no","no","female","secondary school","yes","yes"
"386","yes","yes","yes","no","yes","yes","yes","no","male","college/bachelor degree","no","yes"
"387","yes","no","yes","no","no","no","yes","no","female","secondary school","yes","no"
"388","yes","yes","yes","no","yes","yes","yes","no","female","masters degree","yes","yes"
"389","no","no","yes","yes","yes","yes","no","no","female","masters degree","yes","no"
"390","yes","no","no","no","yes","no","no","no","female","secondary school","yes","no"
"391","yes","no","no","no","no","yes","no","yes","male","secondary school","no","yes"
"392","no","no","no","yes","yes","yes","no","no","female","masters degree","yes","yes"
"393","no","yes","yes","no","yes","no","no","no","female","masters degree","yes","no"
"394","yes","no","no","no","no","yes","no","no","male","secondary school","no","no"
"395","yes","no","no","yes","no","yes","no","no","male","masters degree","no","no"
"396","yes","no","no","yes","no","yes","no","no","male","college/bachelor degree","no","no"
"397","no","no","no","yes","yes","no","no","no","female","primary school","no","no"
"399","yes","no","no","yes","yes","yes","yes","no","female","college/bachelor degree","yes","yes"
"400","no","no","yes","yes","yes","no","no","no","female","secondary school","no","yes"
"401","yes","yes","yes","yes","no","yes","no","no","male","secondary school","no","yes"
"402","yes","no","no","no","no","no","no","no","female","secondary school","no","yes"
"403","yes","yes","yes","no","no","yes","no","no","male","masters degree","no","no"
"404","no","no","no","no","no","no","yes","no","male","secondary school","no","no"
"405","yes","yes","yes","no","yes","no","yes","no","female","college/bachelor degree","no","no"
"406","yes","no","no","no","yes","no","no","yes","female","secondary school","yes","yes"
"407","yes","yes","yes","no","yes","no","no","no","female","secondary school","no","yes"
"408","yes","yes","no","no","no","no","yes","yes","female","secondary school","yes","yes"
"409","no","no","no","no","yes","no","no","no","female","college/bachelor degree","no","no"
"410","yes","yes","yes","no","yes","no","yes","no","female","currently a primary school pupil","yes","no"
"411","yes","yes","yes","yes","no","yes","yes","no","male","secondary school","yes","no"
"412","yes","no","yes","no","yes","no","no","yes","female","secondary school","yes","no"
"413","no","no","no","no","no","no","no","no","female","secondary school","yes","yes"
"414","no","yes","yes","no","no","yes","yes","no","male","secondary school","no","no"
"415","yes","yes","yes","no","yes","no","no","no","male","college/bachelor degree","yes","yes"
"416","yes","no","yes","no","yes","no","yes","no","female","secondary school","yes","yes"
"418","yes","no","no","yes","no","yes","yes","yes","male","secondary school","no","no"
"419","no","yes","yes","no","yes","no","no","no","female","primary school","yes","yes"
"420","no","yes","yes","no","no","yes","no","no","female","secondary school","no","no"
"421","yes","no","no","no","no","yes","no","yes","female","secondary school","no","yes"
"422","yes","no","yes","yes","yes","yes","no","no","female","secondary school","yes","yes"
"423","yes","yes","yes","no","yes","yes","yes","no","female","college/bachelor degree","yes","no"
"424","yes","no","yes","no","no","no","no","no","female","masters degree","yes","yes"
"426","yes","no","yes","no","yes","yes","no","no","female","secondary school","yes","yes"
"427","no","no","no","no","no","no","no","no","female","masters degree","no","no"
"428","no","no","no","no","no","no","no","no","male","secondary school","no","yes"
"429","yes","yes","yes","no","yes","no","no","no","female","primary school","yes","yes"
"430","yes","no","no","no","no","no","yes","no","female","secondary school","no","yes"
"431","no","no","yes","no","yes","no","yes","no","female","masters degree","yes","yes"
"432","yes","yes","no","yes","no","yes","yes","no","male","secondary school","no","no"
"433","yes","no","no","no","no","no","no","yes","male","secondary school","no","yes"
"434","yes","yes","yes","yes","no","no","no","yes","female","secondary school","no","no"
"435","yes","yes","yes","no","no","yes","yes","no","male","secondary school","yes","no"
"436","no","no","no","no","no","no","no","no","female","secondary school","yes","no"
"437","yes","no","yes","no","yes","yes","no","no","male","secondary school","yes","no"
"439","yes","no","yes","no","yes","no","no","no","female","secondary school","no","yes"
"440","yes","yes","yes","no","no","yes","no","no","male","secondary school","no","no"
"441","yes","yes","yes","no","yes","no","no","no","female","secondary school","yes","no"
"442","no","no","yes","no","yes","no","no","no","female","college/bachelor degree","no","yes"
"443","no","yes","yes","no","yes","no","no","no","female","secondary school","no","no"
"444","no","no","no","no","no","yes","yes","yes","female","secondary school","no","yes"
"445","yes","no","no","yes","no","no","yes","yes","female","secondary school","no","no"
"446","yes","yes","yes","no","yes","no","no","no","female","secondary school","yes","yes"
"447","yes","yes","no","no","no","yes","no","no","male","secondary school","no","no"
"448","no","no","no","no","yes","no","no","yes","female","masters degree","no","yes"
"449","no","yes","yes","yes","yes","no","no","no","female","secondary school","yes","yes"
"451","yes","yes","yes","no","no","yes","no","no","male","college/bachelor degree","no","yes"
"452","no","no","yes","no","yes","yes","no","no","male","college/bachelor degree","no","no"
"453","yes","yes","yes","no","yes","no","yes","no","female","masters degree","yes","yes"
"454","no","no","no","no","yes","no","no","no","female","secondary school","no","yes"
"455","yes","no","yes","no","yes","no","yes","no","female","secondary school","yes","no"
"456","yes","yes","yes","no","yes","yes","no","no","female","secondary school","yes","no"
"457","yes","no","no","yes","no","yes","yes","yes","male","secondary school","no","no"
"458","yes","yes","yes","yes","no","yes","yes","no","male","secondary school","no","no"
"459","yes","yes","yes","no","yes","no","no","no","female","secondary school","yes","yes"
"460","no","no","no","no","yes","no","yes","no","female","secondary school","no","no"
"461","yes","no","no","no","no","yes","yes","yes","male","secondary school","no","no"
"462","yes","no","no","no","no","no","yes","yes","male","masters degree","yes","no"
"463","no","no","no","no","yes","no","no","no","female","college/bachelor degree","no","no"
"464","yes","no","yes","no","yes","no","no","no","female","secondary school","yes","no"
"465","yes","yes","no","no","yes","no","no","no","female","secondary school","yes","no"
"466","yes","no","no","no","no","yes","no","no","female","secondary school","no","yes"
"467","yes","no","yes","no","no","no","yes","no","male","college/bachelor degree","yes","no"
"468","yes","yes","no","no","yes","yes","no","no","female","secondary school","no","no"
"469","yes","no","yes","yes","no","yes","no","yes","female","secondary school","yes","no"
"470","yes","yes","yes","no","no","yes","no","no","male","secondary school","no","no"
"471","yes","yes","yes","no","yes","no","no","no","female","secondary school","no","no"
"472","yes","yes","no","no","no","yes","yes","no","male","secondary school","no","no"
"473","no","no","yes","yes","no","no","no","no","male","masters degree","no","no"
"474","no","no","no","no","no","no","no","no","male","masters degree","no","yes"
"476","yes","no","no","no","yes","no","no","no","female","secondary school","no","yes"
"477","no","no","yes","no","yes","no","no","no","female","secondary school","no","yes"
"478","no","no","no","yes","no","yes","yes","no","female","secondary school","no","yes"
"479","yes","yes","yes","no","no","yes","no","no","male","masters degree","yes","yes"
"480","yes","no","no","no","no","yes","no","no","female","secondary school","no","no"
"481","yes","yes","yes","no","yes","yes","no","no","female","secondary school","yes","yes"
"482","yes","yes","no","no","no","no","no","no","male","college/bachelor degree","no","yes"
"483","yes","no","no","yes","yes","yes","no","yes","male","secondary school","no","no"
"484","yes","no","yes","yes","yes","no","yes","no","female","college/bachelor degree","yes","no"
"485","yes","no","yes","yes","no","yes","yes","no","female","secondary school","yes","yes"
"486","yes","yes","yes","no","no","yes","no","no","female","secondary school","no","no"
"487","no","yes","yes","no","yes","no","no","yes","female","masters degree","yes","yes"
"488","yes","yes","no","no","yes","yes","yes","no","female","secondary school","yes","no"
"489","yes","no","no","no","no","yes","no","yes","male","secondary school","no","yes"
"490","yes","no","no","no","no","no","yes","yes","female","college/bachelor degree","yes","yes"
"491","yes","no","no","no","yes","no","no","no","female","primary school","yes","no"
"492","no","no","yes","no","yes","yes","no","no","female","secondary school","no","no"
"493","yes","no","no","no","yes","yes","no","no","female","secondary school","no","yes"
"494","yes","yes","yes","no","no","yes","yes","no","male","college/bachelor degree","no","no"
"495","yes","no","no","yes","yes","no","yes","no","female","secondary school","yes","no"
"496","no","no","no","no","no","yes","yes","no","female","secondary school","yes","yes"
"497","no","no","no","no","yes","no","no","yes","female","college/bachelor degree","yes","no"
"498","no","no","yes","no","no","no","no","no","female","secondary school","no","no"
"499","yes","no","no","no","no","no","no","no","female","secondary school","no","yes"
"500","yes","no","yes","no","no","no","no","yes","male","secondary school","no","no"
"501","yes","no","no","no","yes","no","no","no","female","secondary school","yes","yes"
"502","yes","yes","yes","yes","yes","no","yes","no","female","secondary school","no","yes"
"503","yes","yes","no","no","no","yes","no","yes","male","masters degree","yes","no"
"504","yes","no","yes","yes","yes","no","no","no","female","masters degree","no","no"
"505","yes","yes","yes","yes","no","no","yes","no","female","college/bachelor degree","yes","no"
"506","yes","no","no","no","no","yes","no","no","male","secondary school","no","no"
"507","yes","no","no","no","no","yes","yes","no","male","secondary school","no","no"
"508","no","no","no","no","no","no","yes","no","female","college/bachelor degree","no","no"
"509","yes","no","no","no","no","yes","no","yes","male","secondary school","no","no"
"510","yes","yes","yes","no","yes","yes","yes","no","female","secondary school","yes","yes"
"511","no","yes","yes","no","yes","yes","yes","no","male","college/bachelor degree","no","no"
"512","yes","no","no","yes","yes","yes","yes","no","male","secondary school","no","no"
"513","yes","no","no","no","yes","no","no","yes","female","college/bachelor degree","yes","yes"
"514","yes","no","no","yes","no","yes","yes","yes","male","secondary school","no","no"
"515","yes","no","no","no","no","yes","no","no","male","college/bachelor degree","no","no"
"516","yes","yes","yes","yes","no","yes","no","no","male","secondary school","yes","no"
"517","yes","yes","yes","no","no","yes","yes","no","male","secondary school","yes","no"
"519","no","yes","yes","no","no","yes","no","no","female","secondary school","yes","yes"
"520","yes","yes","no","no","no","yes","yes","no","male","primary school","no","no"
"521","yes","no","yes","no","yes","no","no","no","female","masters degree","yes","no"
"522","yes","yes","yes","no","yes","no","no","no","female","secondary school","yes","no"
"523","yes","yes","yes","no","yes","yes","yes","yes","female","secondary school","yes","no"
"525","yes","no","no","no","no","no","yes","no","female","secondary school","no","no"
"526","no","no","no","no","no","no","yes","no","female","masters degree","yes","no"
"528","yes","no","yes","yes","no","yes","yes","no","female","masters degree","no","no"
"529","yes","no","yes","yes","no","yes","yes","no","male","secondary school","no","no"
"530","yes","no","no","no","no","no","no","yes","male","secondary school","no","no"
"531","yes","no","yes","no","no","yes","yes","no","female","secondary school","no","no"
"532","yes","no","no","no","yes","no","no","yes","male","secondary school","no","no"
"533","yes","yes","yes","no","yes","no","no","no","female","secondary school","yes","yes"
"534","yes","no","no","no","no","no","yes","no","male","college/bachelor degree","no","yes"
"535","no","no","yes","no","yes","yes","no","no","female","secondary school","yes","yes"
"536","yes","no","yes","no","yes","yes","yes","yes","male","secondary school","yes","no"
"537","yes","no","yes","no","no","yes","yes","no","female","college/bachelor degree","yes","no"
"538","yes","no","no","no","yes","no","yes","yes","male","masters degree","no","no"
"539","yes","no","yes","no","yes","yes","no","no","female","secondary school","yes","no"
"540","yes","no","yes","no","no","no","yes","yes","male","college/bachelor degree","yes","no"
"541","yes","no","yes","no","yes","yes","yes","no","male","secondary school","yes","yes"
"542","yes","no","no","no","yes","yes","no","no","female","secondary school","yes","no"
"543","yes","yes","yes","no","yes","yes","no","yes","","masters degree","yes","no"
"544","yes","yes","yes","no","no","yes","no","no","male","masters degree","no","no"
"545","no","no","no","no","no","no","yes","no","male","masters degree","yes","no"
"546","yes","no","no","no","no","yes","yes","no","male","secondary school","yes","no"
"547","yes","no","yes","yes","no","yes","yes","no","male","masters degree","no","no"
"548","no","no","no","no","no","yes","yes","yes","male","secondary school","no","yes"
"549","no","no","no","no","yes","yes","no","no","female","secondary school","no","no"
"550","no","yes","yes","no","no","yes","no","no","female","college/bachelor degree","yes","no"
"551","yes","no","no","no","no","yes","no","yes","female","primary school","yes","yes"
"552","no","no","yes","no","yes","yes","no","no","female","secondary school","no","no"
"553","yes","no","no","no","yes","no","no","yes","female","secondary school","yes","yes"
"554","no","yes","no","no","yes","yes","yes","yes","female","secondary school","yes","no"
"555","yes","no","no","yes","yes","yes","no","no","male","college/bachelor degree","no","no"
"556","yes","yes","yes","no","yes","yes","no","no","female","college/bachelor degree","yes","no"
"557","no","no","yes","no","yes","no","no","no","female","secondary school","yes","no"
"558","yes","no","yes","no","yes","yes","yes","no","female","college/bachelor degree","yes","no"
"560","yes","yes","no","no","yes","no","no","no","female","secondary school","no","no"
"562","yes","yes","yes","no","no","yes","no","yes","male","secondary school","no","no"
"563","yes","yes","yes","no","no","yes","yes","no","male","currently a primary school pupil","no","no"
"565","no","yes","no","no","no","yes","yes","yes","male","college/bachelor degree","no","no"
"566","yes","yes","yes","no","yes","yes","yes","no","female","primary school","yes","yes"
"567","yes","no","no","no","yes","yes","no","no","female","secondary school","no","yes"
"568","no","yes","no","no","no","yes","yes","no","male","secondary school","no","no"
"569","yes","yes","yes","no","yes","no","no","no","female","college/bachelor degree","yes","no"
"570","yes","yes","no","no","yes","no","no","yes","female","college/bachelor degree","yes","no"
"571","yes","no","no","no","no","yes","yes","no","male","secondary school","yes","no"
"572","yes","yes","yes","yes","yes","yes","yes","no","male","currently a primary school pupil","no","yes"
"573","yes","no","no","no","yes","no","yes","no","female","college/bachelor degree","yes","no"
"574","yes","no","no","no","no","yes","yes","no","male","primary school","yes","no"
"575","no","yes","no","no","yes","no","yes","no","female","secondary school","yes","no"
"576","no","no","no","no","no","no","yes","no","female","secondary school","no","yes"
"577","yes","no","no","no","yes","yes","yes","no","male","secondary school","no","no"
"578","yes","yes","no","yes","yes","no","yes","yes","female","secondary school","yes","no"
"579","yes","no","yes","no","yes","yes","no","no","female","secondary school","yes","yes"
"580","yes","yes","yes","yes","no","yes","no","no","male","college/bachelor degree","no","no"
"582","yes","no","no","no","no","yes","no","no","female","secondary school","yes","no"
"583","no","yes","no","no","no","yes","no","yes","male","college/bachelor degree","no","yes"
"584","yes","no","yes","no","no","yes","no","yes","male","college/bachelor degree","no","no"
"585","no","yes","yes","no","yes","yes","no","no","female","masters degree","no","no"
"586","no","no","no","no","yes","yes","no","no","male","secondary school","no","no"
"587","yes","yes","no","no","no","yes","no","yes","male","college/bachelor degree","yes","yes"
"588","no","no","no","no","no","yes","yes","no","female","primary school","no","no"
"589","yes","yes","no","no","yes","no","no","no","female","secondary school","yes","yes"
"590","yes","no","no","no","yes","no","yes","no","female","primary school","yes","yes"
"591","yes","no","no","yes","no","yes","no","no","male","masters degree","no","yes"
"592","no","no","yes","no","no","yes","yes","yes","female","college/bachelor degree","yes","no"
"593","yes","no","yes","no","yes","no","no","yes","female","secondary school","yes","no"
"594","no","no","no","no","no","no","no","no","female","secondary school","no","yes"
"595","yes","no","no","no","no","no","yes","no","male","college/bachelor degree","no","yes"
"596","no","no","no","no","no","no","yes","no","male","primary school","no","yes"
"597","yes","yes","yes","no","yes","yes","yes","no","male","primary school","no","no"
"598","yes","yes","yes","no","no","yes","yes","no","male","secondary school","no","no"
"599","yes","yes","no","no","yes","yes","no","no","male","secondary school","no","no"
"600","yes","yes","yes","yes","no","yes","yes","no","male","secondary school","no","no"
"601","yes","no","yes","no","yes","no","no","no","female","secondary school","no","yes"
"602","yes","no","no","no","yes","no","no","no","female","secondary school","no","no"
"603","no","yes","yes","no","no","yes","yes","no","male","secondary school","no","no"
"605","yes","no","yes","no","yes","yes","no","no","female","secondary school","yes","yes"
"606","no","no","no","no","no","yes","no","no","male","college/bachelor degree","no","no"
"607","yes","no","yes","no","no","yes","no","no","male","secondary school","no","no"
"608","no","no","yes","no","no","yes","no","yes","female","secondary school","yes","yes"
"609","yes","no","yes","yes","yes","yes","no","yes","male","secondary school","yes","no"
"610","yes","no","no","yes","yes","yes","yes","no","male","currently a primary school pupil","yes","yes"
"611","yes","no","yes","no","yes","yes","no","no","male","secondary school","no","no"
"612","yes","no","yes","no","yes","no","no","no","female","secondary school","yes","no"
"613","yes","yes","no","no","yes","yes","no","yes","male","secondary school","no","no"
"614","yes","no","no","no","no","no","no","no","female","secondary school","yes","yes"
"615","no","yes","yes","no","yes","yes","no","yes","female","secondary school","yes","yes"
"616","no","no","yes","no","no","yes","no","no","male","secondary school","no","no"
"617","yes","yes","no","no","no","yes","no","no","male","secondary school","no","no"
"618","no","no","no","no","yes","no","yes","yes","female","secondary school","yes","yes"
"619","yes","yes","yes","no","no","yes","yes","yes","female","college/bachelor degree","no","yes"
"620","yes","no","no","yes","no","yes","no","no","male","secondary school","no","no"
"621","yes","no","yes","no","no","no","yes","no","male","secondary school","no","yes"
"623","yes","yes","yes","no","yes","yes","yes","no","female","primary school","no","yes"
"624","yes","no","no","no","no","yes","no","no","male","secondary school","no","no"
"625","no","no","yes","no","yes","no","yes","no","female","secondary school","yes","no"
"626","yes","yes","yes","no","yes","yes","no","no","female","secondary school","yes","no"
"627","yes","yes","no","no","yes","no","yes","no","female","secondary school","yes","no"
"628","yes","yes","no","no","yes","no","no","no","female","college/bachelor degree","yes","no"
"629","yes","no","no","yes","no","yes","yes","no","male","secondary school","no","no"
"631","yes","yes","yes","no","yes","no","no","no","female","secondary school","yes","no"
"632","yes","yes","yes","yes","yes","yes","no","no","female","secondary school","yes","yes"
"633","yes","yes","yes","no","no","yes","yes","no","male","primary school","no","no"
"634","yes","no","yes","no","no","yes","no","no","male","secondary school","no","no"
"635","yes","no","yes","no","yes","no","no","no","female","secondary school","yes","yes"
"636","no","yes","yes","no","no","no","no","no","female","masters degree","no","yes"
"637","yes","no","yes","no","yes","yes","yes","no","male","doctorate degree","yes","no"
"639","yes","no","yes","no","yes","no","no","no","female","secondary school","no","no"
"640","yes","no","no","no","no","yes","no","no","male","primary school","no","yes"
"641","yes","yes","yes","no","yes","no","yes","no","female","college/bachelor degree","yes","yes"
"642","yes","no","yes","no","no","yes","no","no","male","secondary school","no","no"
"643","yes","yes","no","yes","no","yes","no","no","male","secondary school","yes","yes"
"644","yes","yes","yes","no","yes","yes","yes","yes","female","secondary school","no","yes"
"645","yes","no","yes","yes","yes","yes","no","no","female","primary school","yes","yes"
"646","yes","yes","no","no","no","yes","no","yes","male","secondary school","yes","yes"
"647","yes","no","yes","no","no","yes","no","no","male","secondary school","no","no"
"648","yes","no","yes","no","yes","yes","yes","no","female","secondary school","yes","yes"
"649","yes","yes","yes","no","yes","no","no","no","female","masters degree","no","yes"
"651","yes","yes","yes","yes","no","yes","yes","no","male","secondary school","no","no"
"652","yes","yes","no","no","no","yes","no","yes","male","secondary school","no","no"
"653","yes","no","yes","yes","no","yes","no","yes","male","secondary school","no","no"
"654","yes","no","no","no","no","yes","no","no","female","college/bachelor degree","no","yes"
"655","yes","yes","yes","no","yes","yes","no","yes","male","secondary school","no","no"
"656","no","no","no","no","yes","no","no","no","female","secondary school","no","yes"
"657","yes","no","no","yes","yes","no","yes","yes","female","secondary school","yes","yes"
"658","yes","yes","yes","no","yes","no","no","no","female","college/bachelor degree","yes","no"
"659","yes","yes","no","yes","no","no","yes","no","male","secondary school","no","no"
"660","yes","no","yes","no","yes","no","no","yes","male","secondary school","no","no"
"661","no","no","yes","no","yes","no","no","no","female","college/bachelor degree","no","yes"
"662","yes","no","no","no","no","no","no","no","female","secondary school","yes","yes"
"663","yes","no","yes","yes","no","no","no","no","female","secondary school","yes","no"
"665","yes","no","no","no","yes","yes","no","no","female","masters degree","yes","yes"
"666","yes","no","no","no","no","no","yes","yes","female","secondary school","no","no"
"667","no","no","no","no","yes","no","yes","no","female","secondary school","no","yes"
"668","yes","no","no","no","no","no","yes","yes","male","secondary school","no","no"
"669","no","no","no","yes","no","no","no","no","male","doctorate degree","no","yes"
"671","no","no","no","no","no","no","no","no","female","secondary school","no","yes"
"672","yes","no","no","no","yes","yes","no","no","female","college/bachelor degree","yes","no"
"673","yes","no","yes","no","yes","no","no","no","female","masters degree","yes","no"
"674","yes","no","yes","no","yes","no","no","no","female","secondary school","no","yes"
"675","yes","no","no","no","no","no","yes","yes","male","college/bachelor degree","no","no"
"676","yes","no","yes","no","yes","no","no","no","female","secondary school","yes","yes"
"678","yes","no","yes","yes","yes","no","yes","no","female","secondary school","no","no"
"679","yes","no","no","no","yes","no","yes","no","female","college/bachelor degree","no","yes"
"680","yes","no","no","no","yes","no","no","no","female","secondary school","no","yes"
"681","yes","yes","yes","no","yes","no","yes","no","female","college/bachelor degree","no","yes"
"682","yes","yes","no","no","yes","yes","no","no","female","masters degree","no","yes"
"683","yes","yes","yes","yes","no","yes","no","no","male","secondary school","no","no"
"684","yes","no","yes","no","yes","yes","no","no","female","secondary school","no","yes"
"685","yes","yes","yes","no","yes","no","no","no","female","secondary school","yes","no"
"686","yes","no","yes","no","yes","yes","no","no","female","secondary school","yes","yes"
"687","no","yes","yes","no","no","no","no","no","male","college/bachelor degree","no","no"
"688","yes","no","no","no","yes","yes","yes","no","male","college/bachelor degree","yes","no"
"689","yes","yes","yes","no","yes","no","no","no","female","secondary school","yes","yes"
"690","yes","no","yes","no","yes","yes","no","no","male","secondary school","yes","no"
"691","yes","yes","no","no","no","yes","no","no","male","secondary school","no","yes"
"692","yes","yes","no","no","yes","no","yes","no","female","college/bachelor degree","yes","yes"
"693","yes","no","yes","no","no","yes","no","yes","male","college/bachelor degree","no","yes"
"695","yes","no","no","yes","no","yes","no","yes","male","college/bachelor degree","no","no"
"696","yes","yes","yes","no","yes","yes","no","no","female","college/bachelor degree","no","yes"
"697","no","no","yes","no","yes","no","no","no","female","primary school","no","no"
"698","yes","no","yes","yes","yes","yes","no","no","female","secondary school","no","yes"
"699","yes","yes","yes","no","yes","yes","yes","no","female","secondary school","yes","no"
"700","yes","yes","yes","no","no","no","no","no","female","secondary school","yes","no"
"701","yes","no","no","no","yes","yes","no","no","female","college/bachelor degree","no","yes"
"702","yes","yes","no","no","yes","yes","yes","no","female","college/bachelor degree","no","no"
"703","yes","no","yes","yes","no","yes","no","yes","male","secondary school","no","no"
"704","yes","no","no","no","no","yes","yes","no","male","secondary school","no","no"
"705","yes","yes","yes","no","yes","no","yes","no","female","secondary school","yes","no"
"706","yes","yes","no","yes","yes","yes","yes","no","female","college/bachelor degree","yes","no"
"708","no","no","no","no","no","no","yes","no","female","secondary school","no","yes"
"710","no","no","no","no","yes","no","yes","no","female","college/bachelor degree","yes","no"
"711","no","yes","yes","yes","yes","yes","yes","no","female","secondary school","no","yes"
"712","no","no","yes","no","yes","no","no","no","female","secondary school","no","no"
"713","yes","no","yes","no","yes","yes","no","no","female","secondary school","yes","no"
"714","no","no","no","no","yes","no","no","yes","female","college/bachelor degree","no","yes"
"715","yes","yes","no","no","yes","no","yes","no","female","masters degree","no","yes"
"716","yes","no","no","no","no","yes","no","no","male","secondary school","no","no"
"717","yes","no","no","yes","yes","yes","no","yes","male","secondary school","yes","no"
"718","yes","no","yes","no","no","no","no","no","female","primary school","no","no"
"719","yes","no","yes","no","no","yes","no","no","female","secondary school","no","no"
"720","yes","no","yes","yes","no","yes","no","no","male","secondary school","no","no"
"721","no","yes","no","no","yes","yes","yes","no","female","secondary school","yes","yes"
"722","no","no","yes","no","no","yes","yes","yes","female","college/bachelor degree","no","no"
"723","no","no","yes","no","no","no","no","no","female","college/bachelor degree","no","no"
"724","yes","yes","yes","no","yes","no","no","yes","female","secondary school","no","yes"
"725","no","yes","yes","no","yes","no","no","no","female","primary school","no","no"
"726","yes","yes","yes","no","no","no","yes","yes","male","secondary school","no","no"
"727","yes","no","yes","no","no","yes","no","no","male","secondary school","no","no"
"728","yes","no","yes","no","no","yes","no","no","male","secondary school","no","no"
"729","yes","yes","yes","yes","no","yes","yes","no","female","primary school","yes","yes"
"731","no","no","no","no","yes","no","yes","yes","female","primary school","no","yes"
"732","yes","no","yes","yes","no","no","no","no","female","college/bachelor degree","no","yes"
"733","yes","no","no","no","yes","yes","yes","yes","female","secondary school","no","yes"
"734","no","no","no","yes","yes","no","no","yes","female","college/bachelor degree","yes","yes"
"735","no","no","no","yes","no","no","no","no","female","secondary school","no","yes"
"736","no","no","no","no","yes","no","no","no","female","masters degree","no","yes"
"738","yes","no","no","no","yes","no","no","no","female","college/bachelor degree","yes","yes"
"739","yes","yes","no","yes","no","yes","yes","no","male","college/bachelor degree","no","no"
"740","yes","no","yes","yes","no","yes","yes","yes","male","college/bachelor degree","no","no"
"741","yes","yes","yes","no","no","yes","yes","yes","male","secondary school","yes","no"
"742","no","no","no","yes","yes","no","no","no","female","secondary school","no","yes"
"743","yes","no","no","yes","yes","yes","yes","no","male","masters degree","no","yes"
"744","yes","no","no","no","yes","no","yes","no","male","college/bachelor degree","no","no"
"745","yes","no","no","no","yes","yes","yes","no","male","secondary school","no","yes"
"746","yes","no","no","yes","no","yes","no","no","male","college/bachelor degree","no","no"
"747","yes","no","yes","yes","yes","yes","no","no","female","secondary school","yes","no"
"748","no","yes","yes","no","no","yes","yes","no","female","secondary school","yes","yes"
"749","yes","no","no","no","yes","no","no","no","female","currently a primary school pupil","yes","no"
"750","yes","no","no","no","no","yes","no","no","male","secondary school","no","no"
"751","no","yes","no","yes","yes","no","yes","no","female","college/bachelor degree","yes","no"
"752","yes","no","yes","no","yes","yes","no","no","female","secondary school","yes","yes"
"753","yes","yes","yes","no","yes","no","no","no","female","college/bachelor degree","yes","no"
"754","no","no","no","no","no","no","no","yes","female","secondary school","no","yes"
"755","yes","no","yes","yes","yes","yes","yes","yes","male","college/bachelor degree","no","yes"
"756","yes","no","no","yes","yes","no","yes","no","female","masters degree","yes","yes"
"757","yes","no","yes","no","no","yes","no","no","male","secondary school","yes","yes"
"758","yes","yes","no","no","yes","no","yes","no","female","college/bachelor degree","yes","no"
"759","yes","yes","no","no","no","yes","yes","no","male","college/bachelor degree","yes","no"
"760","no","yes","yes","yes","yes","yes","yes","no","male","secondary school","yes","yes"
"761","no","yes","yes","no","yes","no","no","yes","female","college/bachelor degree","yes","yes"
"762","yes","no","yes","no","no","yes","yes","no","male","secondary school","no","no"
"763","yes","yes","no","no","no","yes","yes","yes","male","college/bachelor degree","yes","yes"
"764","no","no","no","no","no","no","no","no","male","college/bachelor degree","no","yes"
"765","no","no","yes","no","yes","no","no","no","female","college/bachelor degree","yes","yes"
"766","yes","no","yes","no","no","yes","yes","no","male","secondary school","no","no"
"767","yes","yes","yes","no","no","yes","no","yes","female","secondary school","yes","no"
"768","no","no","no","no","yes","yes","no","yes","male","masters degree","yes","yes"
"769","yes","no","yes","no","no","yes","no","no","male","masters degree","no","no"
"770","yes","no","no","yes","yes","yes","yes","yes","female","secondary school","yes","yes"
"771","yes","no","no","no","no","no","no","no","female","college/bachelor degree","yes","no"
"772","yes","no","no","no","no","yes","no","yes","male","secondary school","no","no"
"773","yes","no","yes","no","yes","no","no","no","female","secondary school","yes","no"
"774","no","yes","no","no","yes","yes","yes","no","female","college/bachelor degree","no","no"
"775","yes","no","no","no","no","yes","no","yes","female","secondary school","no","yes"
"776","yes","no","no","no","yes","no","yes","no","female","college/bachelor degree","yes","yes"
"779","yes","no","yes","no","yes","no","no","no","female","secondary school","yes","no"
"780","yes","no","no","no","no","no","no","yes","female","secondary school","yes","yes"
"781","yes","no","yes","yes","yes","yes","no","yes","male","secondary school","yes","no"
"782","no","yes","no","no","no","no","yes","no","female","secondary school","no","yes"
"783","yes","no","no","no","no","yes","no","no","female","secondary school","yes","yes"
"785","yes","yes","yes","no","yes","yes","no","yes","male","secondary school","no","no"
"786","yes","no","yes","no","no","yes","yes","yes","male","college/bachelor degree","yes","no"
"787","yes","no","yes","no","yes","yes","yes","yes","male","secondary school","no","yes"
"788","yes","no","yes","no","yes","yes","yes","yes","male","primary school","yes","yes"
"790","yes","yes","yes","no","no","no","no","no","male","college/bachelor degree","yes","yes"
"791","yes","no","no","no","no","yes","no","no","female","secondary school","no","no"
"792","yes","no","no","no","no","no","no","no","female","secondary school","yes","yes"
"793","yes","no","no","no","yes","yes","yes","no","male","masters degree","yes","no"
"794","no","no","no","yes","no","yes","no","no","male","doctorate degree","yes","yes"
"795","no","no","yes","no","no","yes","yes","no","male","secondary school","no","no"
"796","yes","yes","no","yes","yes","no","yes","yes","female","secondary school","yes","yes"
"797","no","no","yes","yes","yes","no","yes","yes","male","doctorate degree","no","no"
"798","yes","yes","no","no","yes","yes","yes","no","male","secondary school","yes","no"
"799","yes","no","yes","no","no","yes","no","yes","female","secondary school","no","no"
"800","yes","no","no","yes","no","no","no","no","male","secondary school","no","yes"
"801","yes","yes","yes","yes","yes","yes","no","no","male","secondary school","yes","no"
"802","no","yes","yes","no","no","yes","yes","no","female","secondary school","no","no"
"803","yes","yes","yes","no","yes","yes","no","no","female","secondary school","yes","no"
"804","yes","no","no","no","yes","no","yes","no","female","secondary school","no","no"
"805","yes","yes","yes","no","yes","yes","yes","no","female","secondary school","yes","yes"
"806","yes","yes","yes","no","no","no","no","no","female","primary school","yes","yes"
"808","yes","no","no","no","yes","yes","no","yes","male","secondary school","yes","no"
"809","yes","no","yes","no","no","yes","yes","no","male","college/bachelor degree","yes","no"
"810","yes","yes","no","no","yes","yes","yes","yes","male","secondary school","yes","no"
"811","no","no","no","no","yes","yes","yes","no","male","college/bachelor degree","no","yes"
"812","no","no","no","no","no","no","no","yes","male","secondary school","no","yes"
"813","yes","no","no","no","yes","yes","no","no","female","secondary school","yes","no"
"814","yes","no","no","no","yes","yes","no","no","male","secondary school","yes","no"
"815","yes","yes","yes","no","yes","yes","yes","no","female","secondary school","yes","yes"
"817","yes","no","yes","no","yes","no","yes","yes","male","secondary school","yes","no"
"818","yes","no","yes","no","yes","no","yes","yes","male","primary school","no","no"
"819","yes","no","yes","no","no","yes","yes","yes","male","secondary school","no","no"
"820","yes","no","yes","no","no","no","no","no","female","secondary school","no","no"
"821","yes","no","no","no","yes","no","no","no","female","secondary school","yes","no"
"822","yes","no","yes","no","yes","yes","no","no","male","secondary school","no","no"
"823","no","no","yes","no","no","no","no","no","female","secondary school","no","yes"
"824","yes","no","no","no","no","yes","yes","no","male","secondary school","yes","no"
"825","no","no","no","no","no","no","no","no","female","college/bachelor degree","no","yes"
"826","yes","no","no","no","no","no","no","no","female","college/bachelor degree","no","no"
"827","no","no","yes","no","yes","no","no","no","female","secondary school","yes","yes"
"828","yes","no","yes","no","yes","no","no","no","female","secondary school","yes","yes"
"829","yes","yes","yes","no","no","yes","no","yes","male","college/bachelor degree","no","no"
"830","yes","no","no","no","no","yes","no","yes","female","college/bachelor degree","no","yes"
"831","yes","yes","yes","yes","yes","no","yes","no","female","secondary school","no","yes"
"832","yes","yes","yes","no","yes","yes","yes","no","female","","yes","no"
"833","no","no","no","no","no","no","no","no","female","secondary school","yes","yes"
"834","yes","no","no","no","no","no","no","yes","male","secondary school","no","yes"
"835","no","yes","no","no","no","yes","no","no","male","secondary school","no","no"
"836","yes","no","yes","yes","yes","yes","no","no","male","secondary school","no","no"
"837","yes","no","yes","no","yes","no","yes","yes","male","secondary school","yes","yes"
"838","yes","yes","no","yes","yes","yes","no","yes","male","secondary school","no","yes"
"839","yes","yes","yes","no","no","yes","no","no","female","college/bachelor degree","no","no"
"840","yes","yes","yes","no","yes","no","no","no","female","masters degree","yes","no"
"841","yes","no","yes","no","no","no","no","no","female","college/bachelor degree","yes","no"
"842","yes","yes","yes","no","no","yes","yes","no","male","secondary school","no","no"
"844","yes","yes","yes","no","no","no","yes","yes","female","secondary school","yes","yes"
"845","yes","no","no","yes","yes","yes","yes","yes","male","masters degree","no","yes"
"846","no","no","yes","no","yes","no","no","no","female","secondary school","yes","yes"
"847","yes","yes","yes","no","yes","no","no","no","female","secondary school","yes","no"
"848","no","no","yes","no","yes","no","no","no","female","secondary school","yes","yes"
"849","yes","no","no","no","yes","no","yes","no","male","college/bachelor degree","yes","no"
"850","yes","no","no","yes","yes","no","no","no","female","college/bachelor degree","no","yes"
"851","yes","yes","yes","no","no","yes","no","no","female","secondary school","yes","yes"
"852","yes","no","no","yes","yes","yes","yes","yes","male","college/bachelor degree","yes","no"
"853","yes","no","no","no","no","yes","yes","no","male","secondary school","yes","no"
"854","yes","yes","no","no","yes","no","no","no","female","masters degree","yes","yes"
"855","yes","yes","no","no","yes","yes","no","no","male","college/bachelor degree","yes","no"
"856","yes","yes","yes","yes","no","yes","yes","no","male","college/bachelor degree","no","no"
"857","yes","no","yes","yes","no","yes","no","no","female","secondary school","yes","no"
"858","yes","yes","yes","no","no","yes","no","no","male","secondary school","yes","yes"
"859","yes","no","no","no","no","yes","yes","no","male","secondary school","no","yes"
"860","yes","yes","yes","no","no","yes","no","yes","male","secondary school","no","no"
"861","yes","yes","no","no","no","yes","yes","yes","male","secondary school","no","no"
"862","yes","no","no","no","no","yes","yes","yes","female","secondary school","yes","yes"
"863","yes","yes","yes","yes","yes","yes","yes","yes","male","college/bachelor degree","yes","no"
"864","yes","no","no","no","no","yes","no","no","male","secondary school","yes","yes"
"865","yes","no","no","no","yes","yes","no","no","male","secondary school","no","yes"
"866","yes","yes","no","no","no","no","no","no","female","secondary school","yes","no"
"867","yes","no","no","no","no","yes","no","no","male","college/bachelor degree","no","yes"
"868","yes","yes","yes","no","no","yes","no","yes","female","masters degree","no","no"
"869","yes","no","yes","no","yes","yes","no","no","male","secondary school","no","yes"
"870","yes","no","yes","no","yes","no","yes","no","female","secondary school","yes","yes"
"871","no","yes","yes","no","yes","no","no","no","female","masters degree","yes","yes"
"872","yes","no","no","yes","yes","yes","yes","yes","male","college/bachelor degree","yes","no"
"873","yes","no","no","no","no","yes","no","no","male","secondary school","no","no"
"874","yes","yes","no","no","no","yes","no","no","male","secondary school","no","no"
"875","yes","yes","no","no","yes","yes","yes","no","female","secondary school","yes","no"
"876","yes","no","no","no","no","yes","yes","no","female","secondary school","no","no"
"877","yes","no","yes","yes","yes","yes","yes","yes","male","secondary school","no","no"
"878","yes","no","no","no","no","yes","no","yes","male","secondary school","no","yes"
"879","yes","no","yes","yes","yes","yes","yes","yes","male","secondary school","no","no"
"880","no","yes","no","yes","no","yes","yes","no","male","secondary school","no","yes"
"881","yes","yes","no","no","yes","yes","yes","no","female","secondary school","yes","no"
"882","yes","no","yes","no","yes","no","yes","no","female","secondary school","yes","yes"
"883","yes","yes","no","no","yes","no","no","no","female","primary school","yes","yes"
"884","yes","no","yes","no","yes","yes","no","no","female","secondary school","no","yes"
"885","yes","yes","yes","yes","yes","yes","no","no","female","college/bachelor degree","yes","yes"
"886","no","no","yes","no","no","no","no","no","female","secondary school","yes","yes"
"887","yes","no","no","yes","no","yes","yes","yes","male","secondary school","no","no"
"888","no","no","no","no","no","yes","no","no","male","secondary school","no","no"
"889","yes","no","yes","no","yes","no","yes","no","female","college/bachelor degree","yes","yes"
"890","yes","no","no","no","yes","no","yes","no","female","college/bachelor degree","no","yes"
"891","yes","yes","yes","yes","no","yes","yes","no","male","secondary school","yes","no"
"892","yes","yes","yes","no","no","yes","yes","no","male","secondary school","no","no"
"893","yes","no","no","yes","no","no","yes","no","male","secondary school","no","no"
"894","no","no","no","no","no","no","no","no","female","primary school","no","no"
"895","yes","no","no","no","yes","no","yes","no","female","secondary school","yes","no"
"896","no","yes","no","no","no","yes","yes","no","male","secondary school","no","no"
"897","yes","no","no","no","no","no","yes","yes","male","college/bachelor degree","no","yes"
"898","no","no","yes","yes","no","no","no","no","male","college/bachelor degree","no","no"
"899","yes","no","no","no","no","no","no","yes","female","masters degree","no","yes"
"901","yes","no","no","no","yes","yes","no","yes","male","secondary school","no","yes"
"902","yes","no","no","no","yes","yes","no","yes","female","secondary school","no","no"
"903","yes","no","no","no","no","no","yes","no","male","masters degree","no","yes"
"904","yes","no","no","yes","no","no","no","no","male","college/bachelor degree","no","no"
"905","yes","no","yes","no","yes","no","yes","no","female","college/bachelor degree","no","no"
"906","yes","yes","yes","no","yes","yes","yes","yes","male","college/bachelor degree","yes","no"
"907","yes","yes","no","no","no","no","no","yes","female","secondary school","no","no"
"908","yes","yes","yes","no","yes","yes","no","no","female","secondary school","yes","no"
"909","yes","no","yes","no","yes","no","no","no","male","secondary school","yes","yes"
"910","yes","yes","yes","no","no","no","yes","no","female","masters degree","yes","no"
"911","yes","no","yes","yes","yes","yes","no","yes","female","secondary school","yes","yes"
"913","no","yes","yes","no","no","no","no","no","female","secondary school","no","yes"
"914","no","yes","no","no","no","yes","yes","no","female","secondary school","no","yes"
"915","no","no","no","no","no","no","yes","yes","female","secondary school","yes","yes"
"916","yes","yes","yes","no","yes","no","no","no","female","primary school","yes","yes"
"917","yes","no","no","no","no","no","no","yes","male","secondary school","no","yes"
"918","yes","no","no","no","no","yes","no","no","male","college/bachelor degree","no","no"
"920","no","no","no","no","yes","no","no","no","female","secondary school","yes","yes"
"921","no","no","no","no","no","no","no","no","female","secondary school","no","yes"
"922","yes","yes","yes","no","no","no","no","no","male","primary school","no","no"
"923","yes","yes","yes","no","yes","yes","yes","yes","female","secondary school","yes","no"
"924","yes","no","yes","no","no","no","no","no","female","college/bachelor degree","yes","yes"
"925","no","no","no","no","no","no","no","no","female","secondary school","yes","no"
"927","yes","no","no","no","no","yes","no","no","male","secondary school","no","no"
"928","yes","yes","yes","no","yes","yes","no","no","female","secondary school","yes","no"
"929","yes","yes","yes","no","yes","no","no","no","female","secondary school","yes","yes"
"931","yes","no","no","no","yes","no","no","no","female","primary school","yes","no"
"932","yes","yes","yes","no","yes","yes","no","no","male","secondary school","no","no"
"933","yes","yes","yes","no","yes","no","no","no","female","secondary school","yes","no"
"934","yes","no","no","no","yes","no","no","yes","female","secondary school","yes","yes"
"935","yes","no","no","no","no","yes","no","no","","primary school","no","yes"
"936","yes","no","yes","no","yes","no","no","no","female","secondary school","yes","yes"
"937","no","no","yes","no","yes","yes","no","no","female","secondary school","yes","no"
"938","yes","yes","yes","yes","yes","yes","yes","no","female","primary school","no","yes"
"939","yes","no","yes","yes","no","yes","no","no","female","secondary school","yes","yes"
"943","yes","yes","yes","no","no","yes","yes","yes","male","college/bachelor degree","yes","no"
"944","yes","no","no","yes","yes","no","yes","no","female","secondary school","yes","yes"
"945","no","no","yes","no","yes","yes","no","no","female","secondary school","yes","no"
"946","yes","yes","yes","yes","no","yes","yes","no","male","secondary school","no","no"
"947","yes","no","no","no","no","yes","no","no","male","secondary school","no","no"
"948","no","no","no","no","yes","no","no","no","female","secondary school","yes","no"
"949","no","yes","yes","yes","yes","no","yes","no","female","secondary school","yes","yes"
"950","no","no","no","no","no","yes","yes","no","female","secondary school","no","no"
"951","yes","no","yes","no","no","yes","yes","no","male","currently a primary school pupil","no","no"
"952","yes","yes","yes","no","no","yes","yes","no","male","masters degree","no","no"
"953","yes","no","yes","yes","yes","yes","no","no","male","secondary school","no","no"
"954","no","no","yes","no","yes","yes","yes","no","female","secondary school","yes","yes"
"955","yes","yes","no","yes","yes","yes","no","no","female","secondary school","yes","no"
"956","no","no","no","yes","no","yes","no","no","female","secondary school","yes","no"
"958","yes","no","no","no","yes","yes","no","no","male","secondary school","no","no"
"959","no","yes","yes","no","yes","no","no","no","female","college/bachelor degree","yes","no"
"960","yes","no","yes","no","no","yes","no","no","female","masters degree","no","no"
"961","yes","yes","no","no","no","yes","no","no","female","masters degree","no","yes"
"962","yes","yes","yes","yes","yes","yes","no","yes","male","secondary school","yes","no"
"963","no","no","no","no","yes","no","no","no","female","secondary school","no","yes"
"964","yes","yes","yes","no","no","yes","yes","yes","male","secondary school","no","no"
"966","yes","yes","yes","no","yes","yes","no","no","female","primary school","yes","yes"
"967","no","no","no","no","yes","no","yes","yes","female","college/bachelor degree","yes","yes"
"968","yes","no","no","yes","no","yes","no","no","male","primary school","no","yes"
"969","yes","no","yes","yes","no","yes","no","no","male","secondary school","no","no"
"970","yes","no","yes","no","yes","yes","no","no","male","college/bachelor degree","no","yes"
"971","yes","yes","no","yes","yes","yes","no","no","male","masters degree","yes","yes"
"972","yes","no","no","no","no","yes","yes","no","male","secondary school","no","yes"
"973","yes","no","no","no","yes","yes","no","no","female","secondary school","yes","yes"
"974","yes","no","no","no","no","no","no","no","female","secondary school","yes","yes"
"975","yes","no","no","yes","yes","yes","no","no","female","secondary school","no","yes"
"976","yes","yes","yes","no","yes","no","no","no","female","secondary school","yes","yes"
"977","yes","yes","yes","yes","yes","yes","no","no","female","secondary school","yes","yes"
"978","yes","yes","yes","no","yes","no","no","no","male","secondary school","yes","no"
"979","yes","no","yes","no","no","yes","no","no","female","college/bachelor degree","no","yes"
"980","yes","yes","yes","no","yes","yes","no","yes","male","secondary school","no","no"
"981","yes","no","yes","no","no","no","no","yes","female","secondary school","no","yes"
"982","yes","no","no","no","no","no","no","no","female","secondary school","no","yes"
"983","yes","no","no","no","no","no","yes","no","male","secondary school","yes","no"
"984","yes","no","yes","no","yes","no","no","no","female","secondary school","yes","no"
"985","yes","no","no","no","no","no","no","yes","female","secondary school","no","yes"
"986","no","no","yes","no","yes","no","no","no","female","secondary school","no","yes"
"987","yes","no","no","yes","no","no","no","no","female","secondary school","no","yes"
"988","yes","no","no","no","no","no","no","yes","male","secondary school","no","no"
"990","yes","no","yes","no","yes","no","no","yes","female","masters degree","no","yes"
"991","yes","no","no","no","no","yes","yes","yes","male","secondary school","no","no"
"992","yes","no","no","no","no","yes","no","no","male","secondary school","no","no"
"993","yes","yes","no","yes","no","yes","no","no","male","masters degree","no","no"
"994","no","no","yes","no","yes","no","no","yes","female","secondary school","no","no"
"995","yes","no","no","no","no","no","no","no","female","secondary school","no","yes"
"996","yes","no","no","yes","no","yes","no","no","female","secondary school","no","no"
"997","yes","no","no","no","no","yes","no","no","male","secondary school","no","no"
"998","yes","no","no","no","yes","no","yes","no","female","secondary school","no","no"
"999","yes","yes","no","yes","no","yes","no","no","male","masters degree","no","yes"
"1000","yes","yes","yes","yes","yes","yes","yes","no","male","secondary school","no","no"
"1001","no","no","yes","no","yes","no","yes","no","female","primary school","yes","no"
"1002","yes","yes","yes","no","yes","no","no","no","female","primary school","yes","no"
"1003","yes","no","no","no","no","no","no","no","male","secondary school","no","no"
"1004","no","yes","yes","no","yes","yes","no","no","female","secondary school","no","yes"
"1005","yes","yes","no","no","no","no","yes","no","male","secondary school","no","no"
"1006","yes","yes","yes","no","yes","yes","yes","no","female","secondary school","yes","yes"
"1008","no","no","no","no","yes","no","no","no","female","secondary school","no","yes"
"1009","yes","no","no","no","no","yes","no","no","female","college/bachelor degree","yes","no"
"1010","yes","yes","yes","no","no","yes","no","no","male","secondary school","no","no"
